{"RECALL": {"STANDING": 0.97166469893742624, "BENDING": 0.90518783542039361, "WALKING": 0.94689246958237427, "CYCLING (SITTING)": 0.87987987987987992, "SITTING": 0.99046801202232715, "CYCLING (STANDING)": 0.96680497925311204, "RUNNING": 0.98657718120805371, "STAIRS (UP)": 0.9410112359550562, "STAIRS (DOWN)": 0.93877551020408168, "LYING": 0.984779299847793}, "SPECIFICITY": {"STANDING": 0.98741215194377729, "BENDING": 0.9971276748527933, "WALKING": 0.99471539253885077, "CYCLING (SITTING)": 0.99818363131277155, "SITTING": 0.99302159131575807, "CYCLING (STANDING)": 0.99953851615193468, "RUNNING": 0.99956857810533883, "STAIRS (UP)": 0.99617314704501969, "STAIRS (DOWN)": 0.99914493373236424, "LYING": 1.0}, "PRECISION": {"STANDING": 0.95317670416942424, "BENDING": 0.86348122866894195, "WALKING": 0.97992172877318362, "CYCLING (SITTING)": 0.85174418604651159, "SITTING": 0.989957943524161, "CYCLING (STANDING)": 0.94715447154471544, "RUNNING": 0.97999999999999998, "STAIRS (UP)": 0.86340206185567014, "STAIRS (DOWN)": 0.93063583815028905, "LYING": 1.0}, "ACCURACY": 0.97170110168596668}