{"RECALL": {"STANDING": 0.98875053671103474, "BENDING": 0.86786786786786785, "WALKING": 0.98657718120805371, "CYCLING (SITTING)": 0.98340248962655596, "SITTING": 0.98427194317605271, "CYCLING (STANDING)": 0.96300559026635979, "RUNNING": 0.952247191011236, "STAIRS (UP)": 0.94169096209912539, "STAIRS (DOWN)": 0.96525552369708212, "LYING": 0.96601073345259392}, "SPECIFICITY": {"STANDING": 0.99403554813312656, "BENDING": 0.99747132986679965, "WALKING": 0.99964048175444908, "CYCLING (SITTING)": 0.99971600993965215, "SITTING": 1.0, "CYCLING (STANDING)": 0.9922522280442474, "RUNNING": 0.99884472363623233, "STAIRS (UP)": 0.99918056149351575, "STAIRS (DOWN)": 0.98981407348100703, "LYING": 0.99727129111015367}, "PRECISION": {"STANDING": 0.99138970208369215, "BENDING": 0.80277777777777781, "WALKING": 0.98327759197324416, "CYCLING (SITTING)": 0.96734693877551026, "SITTING": 1.0, "CYCLING (STANDING)": 0.97131011608623552, "RUNNING": 0.95492957746478868, "STAIRS (UP)": 0.93352601156069359, "STAIRS (DOWN)": 0.96152553763440862, "LYING": 0.87662337662337664}, "ACCURACY": 0.97458730773292035}