{
  "RECALL": {
    "STANDING": 0.95681818181818179,
    "BENDING": 0.38034188034188032,
    "WALKING": 0.77892918825561308,
    "CYCLING (SITTING)": 0.78386167146974062,
    "SITTING": 0.99692858971077558,
    "CYCLING (STANDING)": 0.90909090909090906,
    "RUNNING": "NaN",
    "STAIRS (UP)": 0.95999999999999996,
    "STAIRS (DOWN)": 1.0,
    "LYING": 0.47368421052631576
  },
  "SPECIFICITY": {
    "STANDING": 0.97235263432446528,
    "BENDING": 0.99707474038320898,
    "WALKING": 0.99507085643869375,
    "CYCLING (SITTING)": 0.99851279000594884,
    "SITTING": 0.85113780025284447,
    "CYCLING (STANDING)": 0.9948928926088807,
    "RUNNING": 1.0,
    "STAIRS (UP)": 0.99787113255747939,
    "STAIRS (DOWN)": 0.9990086390029741,
    "LYING": 1.0
  },
  "PRECISION": {
    "STANDING": 0.88818565400843885,
    "BENDING": 0.8165137614678899,
    "WALKING": 0.9337474120082816,
    "CYCLING (SITTING)": 0.96453900709219853,
    "SITTING": 0.8921209344938158,
    "CYCLING (STANDING)": 0.35714285714285715,
    "RUNNING": "NaN",
    "STAIRS (UP)": 0.61538461538461542,
    "STAIRS (DOWN)": 0.58823529411764708,
    "LYING": 1.0
  },
  "ACCURACY": 0.89393296563428082
}