{"RECALL": {
  "STANDING": 0.98333333333333328,
  "BENDING": 0.30769230769230771,
  "WALKING": 0.67875647668393779,
  "CYCLING (SITTING)": 0.88760806916426516,
  "SITTING": 0.98873816227284361,
  "CYCLING (STANDING)": 0.90909090909090906,
  "RUNNING": NaN,
  "STAIRS (UP)": 0.95999999999999996,
  "STAIRS (DOWN)": 1.0,
  "LYING": 0.47368421052631576},
  "SPECIFICITY": {
    "STANDING": 0.94522691705790296,
    "BENDING": 0.99839110721076496,
    "WALKING": 0.99799753542821934,
    "CYCLING (SITTING)": 0.99791790600832841,
    "SITTING": 0.87958280657395704,
    "CYCLING (STANDING)": 0.99687898992764934,
    "RUNNING": 1.0,
    "STAIRS (UP)": 0.99602611410729491,
    "STAIRS (DOWN)": 0.99971675400084969,
    "LYING": 1.0},

  "PRECISION": {
    "STANDING": 0.80471171729696223,
    "BENDING": 0.86746987951807231,
    "WALKING": 0.96798029556650245,
    "CYCLING (SITTING)": 0.95652173913043481,
    "SITTING": 0.91022620169651269,
    "CYCLING (STANDING)": 0.47619047619047616,
    "RUNNING": NaN,
    "STAIRS (UP)": 0.46153846153846156,
    "STAIRS (DOWN)": 0.83333333333333337,
    "LYING": 1.0},
    "ACCURACY": 0.88884174798472637}